id,apellido,nombre,id_pais,fecha_nacimiento,fecha_defuncion,biografia,created_at
1,Echeverry Correa,Camilo Andrés (Camilo),12,1994-01-01,,,2025-12-06 03:45:14.417159+00
2,Abba,,37,,,,2025-12-06 03:45:14.417159+00
3,Adam,Adolphe,20,1803-01-01,1856-01-01,,2025-12-06 03:45:14.417159+00
4,Adams,Olivier,6,1968-01-01,,,2025-12-06 03:45:14.417159+00
5,Agri,Antonio,2,1932-01-01,1998-01-01,,2025-12-06 03:45:14.417159+00
6,Agri,Pablo,2,1968-01-01,,,2025-12-06 03:45:14.417159+00
7,Albrechtsberger,Johann Georg,5,1736-01-01,1809-01-01,,2025-12-06 03:45:14.417159+00
8,Alsuyet,Claudio,2,1957-01-01,,,2025-12-06 03:45:14.417159+00
9,Álvarez,Julián,26,1956-01-01,2023-01-01,,2025-12-06 03:45:14.417159+00
10,Anderson-López,Kristen,17,1972-01-01,,,2025-12-06 03:45:14.417159+00
11,Anderson,Leroy,17,1908-01-01,1975-01-01,,2025-12-06 03:45:14.417159+00
12,Aquilanti,Giancarlo,24,1959-01-01,,,2025-12-06 03:45:14.417159+00
13,Ariaudo,Julián,2,,,,2025-12-06 03:45:14.417159+00
14,Aristimuño,Lisandro,2,1978-01-01,,,2025-12-06 03:45:14.417159+00
15,Arlen,Harold,17,1905-01-01,1986-01-01,,2025-12-06 03:45:14.417159+00
16,Arnold,Malcolm,22,1921-01-01,2006-01-01,,2025-12-06 03:45:14.417159+00
17,Arutunian,Alexander,4,1920-01-01,2012-01-01,,2025-12-06 03:45:14.417159+00
18,Ayala,Ramón,2,1927-01-01,2023-01-01,,2025-12-06 03:45:14.417159+00
19,Aznar,Pedro,2,1959-01-01,,,2025-12-06 03:45:14.417159+00
20,Bacalov,Luis,2,1933-01-01,2017-01-01,,2025-12-06 03:45:14.417159+00
21,Bach,Johann Sebastian,1,1685-01-01,1750-01-01,,2025-12-06 03:45:14.417159+00
22,Barber,Samuel,17,1910-01-01,1981-01-01,,2025-12-06 03:45:14.417159+00
23,Barbosa,Arthur,8,1965-01-01,,,2025-12-06 03:45:14.417159+00
24,Barcos,Miguel Ángel,2,1945-01-01,,,2025-12-06 03:45:14.417159+00
25,Bartók,Béla,34,1885-01-01,1941-01-01,,2025-12-06 03:45:14.417159+00
26,Beach,Amy Marcy,17,1867-01-01,1944-01-01,,2025-12-06 03:45:14.417159+00
27,Beethoven,Ludwig van,1,1770-01-01,1827-01-01,,2025-12-06 03:45:14.417159+00
28,Berbel,Marcelo,2,1925-01-01,2003-01-01,,2025-12-06 03:45:14.417159+00
29,Berlin,Irving,17,1888-01-01,1989-01-01,,2025-12-06 03:45:14.417159+00
30,Berlioz,Hector,20,1803-01-01,1869-01-01,,2025-12-06 03:45:14.417159+00
31,Bernstein,Leonard,17,1918-01-01,1990-01-01,,2025-12-06 03:45:14.417159+00
32,Bizet,Georges,20,1838-01-01,1875-01-01,,2025-12-06 03:45:14.417159+00
33,Bob Thiele/George David Weiss,,,,,,2025-12-06 03:45:14.417159+00
34,Bobby Timmons,,17,1935-01-01,1974-01-01,,2025-12-06 03:45:14.417159+00
35,Boccherini,Luigi,24,1743-01-01,1805-01-01,,2025-12-06 03:45:14.417159+00
36,Böhme,Oskar,1,1870-01-01,1938-01-01,,2025-12-06 03:45:14.417159+00
37,Boieldieu,François-Adrien,20,1775-01-01,1834-01-01,,2025-12-06 03:45:14.417159+00
38,Borenstein,Nimrod,23,1969-01-01,,,2025-12-06 03:45:14.417159+00
39,Borne,François,20,1840-01-01,1920-01-01,,2025-12-06 03:45:14.417159+00
40,Borodin,Alexander,35,1833-01-01,1887-01-01,,2025-12-06 03:45:14.417159+00
41,Brahms,Johannes,1,1833-01-01,1897-01-01,,2025-12-06 03:45:14.417159+00
42,Britten,Benjamin,22,1913-01-01,1976-01-01,,2025-12-06 03:45:14.417159+00
43,Brown,James,17,1933-01-01,2006-01-01,,2025-12-06 03:45:14.417159+00
44,Bruch,Max,1,1838-01-01,1920-01-01,,2025-12-06 03:45:14.417159+00
45,Bruckner,Anton,5,1824-01-01,1896-01-01,,2025-12-06 03:45:14.417159+00
46,Bruno-Videla,Lucio,2,,,,2025-12-06 03:45:14.417159+00
47,Busujima,Haruki,25,,,,2025-12-06 03:45:14.417159+00
48,Calcagno,Elsa,2,1910-01-01,1978-01-01,,2025-12-06 03:45:14.417159+00
49,Calero,Antonio,16,,,,2025-12-06 03:45:14.417159+00
50,Cambareri,Carmelo Juan,2,1935-01-01,1996-01-01,,2025-12-06 03:45:14.417159+00
51,Capó,Bobby,31,1921-01-01,1989-01-01,,2025-12-06 03:45:14.417159+00
52,Carabajal,Carlos,2,1929-01-01,2006-01-01,,2025-12-06 03:45:14.417159+00
53,Carabajal,Cuti,2,1947-01-01,,,2025-12-06 03:45:14.417159+00
54,Carbajal,José,2,1943-01-01,2010-01-01,,2025-12-06 03:45:14.417159+00
55,Carballo,Micaela,2,,,,2025-12-06 03:45:14.417159+00
56,Cárdenas,Agustín,2,,,,2025-12-06 03:45:14.417159+00
57,Carmichael,Hoagy,17,1899-01-01,1981-01-01,,2025-12-06 03:45:14.417159+00
58,Carrillo,Isolina,13,1907-01-01,1996-01-01,,2025-12-06 03:45:14.417159+00
59,Caruso,Lucía,2,,,,2025-12-06 03:45:14.417159+00
60,Castiñeira de Dios,José Luis,2,1947-01-01,,,2025-12-06 03:45:14.417159+00
61,Chaminade,Cécile,20,1857-01-01,1944-01-01,,2025-12-06 03:45:14.417159+00
62,Chapela Barba,Enrico,26,1974-01-01,,,2025-12-06 03:45:14.417159+00
63,Charbonnier,Mauricio,2,,,,2025-12-06 03:45:14.417159+00
64,Charly García,,2,,,,2025-12-06 03:45:14.417159+00
65,Chausson,Ernest,20,1855-01-01,1899-01-01,,2025-12-06 03:45:14.417159+00
66,Chávez Chávez,Luis,2,,,,2025-12-06 03:45:14.417159+00
67,Cimarosa,Domenico,24,1749-01-01,1801-01-01,,2025-12-06 03:45:14.417159+00
68,Cocomarola,Mario del Tránsito,2,1918-01-01,1974-01-01,,2025-12-06 03:45:14.417159+00
69,Cohen,Leonard,10,1934-01-01,2016-01-01,,2025-12-06 03:45:14.417159+00
70,Copland,Aaron,17,1900-01-01,1990-01-01,,2025-12-06 03:45:14.417159+00
71,Cosentino,Saúl,2,1935-01-01,,,2025-12-06 03:45:14.417159+00
72,Coulais,Bruno,20,1954-01-01,,,2025-12-06 03:45:14.417159+00
73,Cuacci,Juan Carlos,2,1973-01-01,,,2025-12-06 03:45:14.417159+00
74,Cullum,Jamie,22,1979-01-01,,,2025-12-06 03:45:14.417159+00
75,D´Antona,Esteban,2,,,,2025-12-06 03:45:14.417159+00
77,Dames,José,2,1907-01-01,1994-01-01,,2025-12-06 03:45:14.417159+00
78,Danzi,Franz,1,1763-01-01,1826-01-01,,2025-12-06 03:45:14.417159+00
79,Dargomyshki,Aleksandr,35,1813-01-01,1869-01-01,,2025-12-06 03:45:14.417159+00
80,Darnachauns,Eduardo,2,1953-01-01,2007-01-01,,2025-12-06 03:45:14.417159+00
81,David,Ferdinand,1,1810-01-01,1873-01-01,,2025-12-06 03:45:14.417159+00
82,Debussy,Claude,20,1862-01-01,1918-01-01,,2025-12-06 03:45:14.417159+00
84,Desmond,Paul,17,1924-01-01,1977-01-01,,2025-12-06 03:45:14.417159+00
85,Devienne,François,20,1759-01-01,1803-01-01,,2025-12-06 03:45:14.417159+00
86,Di Pietro,Giuliana,2,1990-01-01,,,2025-12-06 03:45:14.417159+00
87,Díaz,Francisco y Julían (Los Hermanos Díaz),2,,,,2025-12-06 03:45:14.417159+00
88,Díaz,Simón,40,1928-01-01,2014-01-01,,2025-12-06 03:45:14.417159+00
89,Discépolo,Enrique Santos,2,1901-01-01,1951-01-01,,2025-12-06 03:45:14.417159+00
90,Dolezor,Tobi,2,2002-01-01,,,2025-12-06 03:45:14.417159+00
91,Donizetti,Gaetano,24,1797-01-01,1848-01-01,,2025-12-06 03:45:14.417159+00
92,Doura,Daniel,2,1957-01-01,,,2025-12-06 03:45:14.417159+00
93,Drangosch,Ernesto,2,1882-01-01,1925-01-01,,2025-12-06 03:45:14.417159+00
94,Dukas,Paul,20,1865-01-01,1935-01-01,,2025-12-06 03:45:14.417159+00
95,Dvorak,Antonin,32,1841-01-01,1904-01-01,,2025-12-06 03:45:14.417159+00
96,Elfman,Danny,17,1953-01-01,,,2025-12-06 03:45:14.417159+00
97,Elgar,Edward,22,1857-01-01,1934-01-01,,2025-12-06 03:45:14.417159+00
98,Elizondo,José,26,,,,2025-12-06 03:45:14.417159+00
99,Ellington,Duke,17,1899-01-01,1974-01-01,,2025-12-06 03:45:14.417159+00
100,Entraigas-Gallo,,,,,,2025-12-06 03:45:14.417159+00
101,Espel,Guillo,2,1959-01-01,,,2025-12-06 03:45:14.417159+00
102,Estefan,Gloria,13,1957-01-01,,,2025-12-06 03:45:14.417159+00
103,Ewazen,Eric,17,1954-01-01,,,2025-12-06 03:45:14.417159+00
104,Expósito,Virgilio,2,1918-01-01,1997-01-01,,2025-12-06 03:45:14.417159+00
105,Falú,Eduardo,2,1923-01-01,2013-01-01,,2025-12-06 03:45:14.417159+00
106,Falú,Juan,2,1948-01-01,,,2025-12-06 03:45:14.417159+00
107,Fandermole,Jorge,2,1956-01-01,,,2025-12-06 03:45:14.417159+00
108,Farrenc,Louise,20,1804-01-01,1875-01-01,,2025-12-06 03:45:14.417159+00
109,Farrés,Oswaldo,13,1902-01-01,1985-01-01,,2025-12-06 03:45:14.417159+00
110,Fauré,Gabriel,20,1845-01-01,1924-01-01,,2025-12-06 03:45:14.417159+00
111,Feldstein,Sandy,17,1940-01-01,2007-01-01,,2025-12-06 03:45:14.417159+00
112,Fernández,Lorenzo,8,1897-01-01,1948-01-01,,2025-12-06 03:45:14.417159+00
113,Ferrero,Raúl,2,1969-01-01,,,2025-12-06 03:45:14.417159+00
114,Ficher,Jacobo,36,1896-01-01,1978-01-01,,2025-12-06 03:45:14.417159+00
115,Figueroa Mañas,Adriana Isabel,2,1966-01-01,,,2025-12-06 03:45:14.417159+00
116,Finzi,Gerald,22,1901-01-01,1956-01-01,,2025-12-06 03:45:14.417159+00
117,Fiorentino,Cecilia,2,,,,2025-12-06 03:45:14.417159+00
118,Páez,Fito,2,1963-01-01,,,2025-12-06 03:45:14.417159+00
119,Florit Servetti,Carlos,39,1956-01-01,,,2025-12-06 03:45:14.417159+00
120,Fox,Toby,17,1991-01-01,,,2025-12-06 03:45:14.417159+00
121,Fraile Milstein,Martín,2,,,,2025-12-06 03:45:14.417159+00
122,Fripp,Robert,22,1946-01-01,,,2025-12-06 03:45:14.417159+00
123,Gabriel,Juan,26,1950-01-01,2016-01-01,,2025-12-06 03:45:14.417159+00
124,Gaito,Constantino,2,1878-01-01,1945-01-01,,2025-12-06 03:45:14.417159+00
125,Gaos,Andrés,2,1874-01-01,1959-01-01,,2025-12-06 03:45:14.417159+00
126,García-Mansilla,Eduardo,2,1862-01-01,1930-01-01,,2025-12-06 03:45:14.417159+00
127,García,Denise,8,1955-01-01,,,2025-12-06 03:45:14.417159+00
128,Gardel,Carlos,2,1890-01-01,1935-01-01,,2025-12-06 03:45:14.417159+00
129,Gardelín,Gerardo,2,1965-01-01,,,2025-12-06 03:45:14.417159+00
130,Garland,Joe,17,1903-01-01,1977-01-01,,2025-12-06 03:45:14.417159+00
131,Garnica,Néstor,2,,,,2025-12-06 03:45:14.417159+00
132,Gershwin,George,17,1898-01-01,1937-01-01,,2025-12-06 03:45:14.417159+00
133,Giacchino,Michael,17,1967-01-01,,,2025-12-06 03:45:14.417159+00
134,Gian Marco,,29,1970-01-01,,,2025-12-06 03:45:14.417159+00
135,Gianneo,Luis,2,1897-01-01,1968-01-01,,2025-12-06 03:45:14.417159+00
136,Giazotto,Remo,24,1910-01-01,1998-01-01,,2025-12-06 03:45:14.417159+00
137,Giguere,Jacob,,,,,2025-12-06 03:45:14.417159+00
138,Gillespie,Dizzy,17,1917-01-01,1993-01-01,,2025-12-06 03:45:14.417159+00
139,Giménez,Gerónimo,16,1871-01-01,1923-01-01,,2025-12-06 03:45:14.417159+00
140,Ginastera,Alberto,2,1916-01-01,1983-01-01,,2025-12-06 03:45:14.417159+00
141,Gjeilo,Ola,27,1978-01-01,,,2025-12-06 03:45:14.417159+00
142,Glazunov,Aleksandr,35,1865-01-01,1936-01-01,,2025-12-06 03:45:14.417159+00
143,Gluck,Christoph Willibald,1,1714-01-01,1787-01-01,,2025-12-06 03:45:14.417159+00
144,Gobbi,Alfredo,2,1912-01-01,1965-01-01,,2025-12-06 03:45:14.417159+00
145,Gold,Andrew,17,1951-01-01,2011-01-01,,2025-12-06 03:45:14.417159+00
146,Gómez Carrillo,Manuel,2,1883-01-01,1968-01-01,,2025-12-06 03:45:14.417159+00
147,Gómez,Nelly Beatriz,2,,,,2025-12-06 03:45:14.417159+00
148,Greebbaum,Norman,17,1942-01-01,,,2025-12-06 03:45:14.417159+00
149,Grieg,Edvard,27,1843-01-01,1907-01-01,,2025-12-06 03:45:14.417159+00
150,Grøndahl,Launy,14,1886-01-01,1960-01-01,,2025-12-06 03:45:14.417159+00
151,Gruber,Franz Xavier,5,1787-01-01,1863-01-01,,2025-12-06 03:45:14.417159+00
152,Guarda Carrasco,Ernesto,11,1933-01-01,2014-01-01,,2025-12-06 03:45:14.417159+00
153,Guerra-Peixe,César,8,1914-01-01,1993-01-01,,2025-12-06 03:45:14.417159+00
154,Guevara,Gerardo,15,1930-01-01,2024-01-01,,2025-12-06 03:45:14.417159+00
155,Gun's and Roses,,,,,,2025-12-06 03:45:14.417159+00
156,Gurney,Ivor,22,1890-01-01,1937-01-01,,2025-12-06 03:45:14.417159+00
157,Gutiérrez del Barrio,Luis,2,1897-01-01,1967-01-01,,2025-12-06 03:45:14.417159+00
158,György Ligeti,,21,1923-01-01,2006-01-01,,2025-12-06 03:45:14.417159+00
159,Haddad,Don,17,1935-01-01,2017-01-01,,2025-12-06 03:45:14.417159+00
160,Händel,Georg Friedrich,1,1685-01-01,1759-01-01,,2025-12-06 03:45:14.417159+00
161,Harrison,George,22,1943-01-01,2001-01-01,,2025-12-06 03:45:14.417159+00
162,Haydn,Franz Joseph,5,1732-01-01,1809-01-01,,2025-12-06 03:45:14.417159+00
163,Hechenleitner,Ángel,2,1952-01-01,2021-01-01,,2025-12-06 03:45:14.417159+00
164,Herrerías,Mario,2,1954-01-01,2018-01-01,,2025-12-06 03:45:14.417159+00
165,Herrmann,Bernard,17,1911-01-01,1975-01-01,,2025-12-06 03:45:14.417159+00
166,Hoffmeister,Franz Anton,1,1754-01-01,1812-01-01,,2025-12-06 03:45:14.417159+00
168,Honegger,Arthur,20,1892-01-01,1955-01-01,,2025-12-06 03:45:14.417159+00
169,Horner,James,17,1953-01-01,2015-01-01,,2025-12-06 03:45:14.417159+00
170,Horner,James,17,1953-01-01,2015-01-01,,2025-12-06 03:45:14.417159+00
171,Horst,Jorge,2,1963-01-01,,,2025-12-06 03:45:14.417159+00
172,Howard,Bart,17,1915-01-01,2004-01-01,,2025-12-06 03:45:14.417159+00
173,Howarth,Jones,22,1935-01-01,,,2025-12-06 03:45:14.417159+00
174,Hummel,Johann Nepomuk,5,1778-01-01,1837-01-01,,2025-12-06 03:45:14.417159+00
175,Humperdinck,Engelbert,1,1854-01-01,1921-01-01,,2025-12-06 03:45:14.417159+00
176,Ibert,Jacques,20,1890-01-01,1962-01-01,,2025-12-06 03:45:14.417159+00
177,Isella,César,2,1937-01-01,2021-01-01,,2025-12-06 03:45:14.417159+00
178,Ives,Charles,17,1874-01-01,1954-01-01,,2025-12-06 03:45:14.417159+00
179,Janáček,Leoš,32,1854-01-01,1928-01-01,,2025-12-06 03:45:14.417159+00
180,Juárez,Manuel,2,1937-01-01,2020-01-01,,2025-12-06 03:45:14.417159+00
181,Juncos,Omar,2,,,,2025-12-06 03:45:14.417159+00
182,Kalinnikov,Vasili,35,1866-01-01,1901-01-01,,2025-12-06 03:45:14.417159+00
183,Kander,John,17,1927-01-01,,,2025-12-06 03:45:14.417159+00
184,Kanno,Yugo,25,1977-01-01,,,2025-12-06 03:45:14.417159+00
185,Khachaturian,Aram,35,1903-01-01,1978-01-01,,2025-12-06 03:45:14.417159+00
186,Kid Ory,,17,1886-01-01,1973-01-01,,2025-12-06 03:45:14.417159+00
187,Kondo,Koji,25,1961-01-01,,,2025-12-06 03:45:14.417159+00
188,Koussevitzky,Sergei,35,1874-01-01,1951-01-01,,2025-12-06 03:45:14.417159+00
189,Kunik,Pablo,2,,,,2025-12-06 03:45:14.417159+00
190,Lagos,Aníbal,2,,,,2025-12-06 03:45:14.417159+00
191,Lalo,Édouard,20,1823-01-01,1892-01-01,,2025-12-06 03:45:14.417159+00
192,Lams,Bert,,,,,2025-12-06 03:45:14.417159+00
193,Lara,Agustín,26,1897-01-01,1970-01-01,,2025-12-06 03:45:14.417159+00
194,Lara,Ana,26,1959-01-01,,,2025-12-06 03:45:14.417159+00
195,Lebedjew,Alexej,35,1982-01-01,,,2025-12-06 03:45:14.417159+00
196,Leguizamon,"Gustavo ""Cuchi""",2,1917-01-01,2000-01-01,,2025-12-06 03:45:14.417159+00
197,Lekeu,Guillaume,6,1870-01-01,1924-01-01,,2025-12-06 03:45:14.417159+00
198,Lema,Germán,2,1975-01-01,,,2025-12-06 03:45:14.417159+00
199,Lennon-McCartney,,22,,,,2025-12-06 03:45:14.417159+00
200,Lerman,Fernando,2,1968-01-01,,,2025-12-06 03:45:14.417159+00
201,Lezcano,Evaldo,2,,,,2025-12-06 03:45:14.417159+00
202,Liebermann,Lowell,17,1961-01-01,,,2025-12-06 03:45:14.417159+00
203,Lima Quintana,Hamlet,2,1923-01-01,2002-01-01,,2025-12-06 03:45:14.417159+00
204,Liszt,Franz,21,1811-01-01,1886-01-01,,2025-12-06 03:45:14.417159+00
205,Llamazares Pablo,,2,1975-01-01,,,2025-12-06 03:45:14.417159+00
206,Lloyd Webber,Andrew,17,1948-01-01,,,2025-12-06 03:45:14.417159+00
207,Loewe,Frederick,1,1901-01-01,1988-01-01,,2025-12-06 03:45:14.417159+00
208,Lopszyc,Eva,2,,,,2025-12-06 03:45:14.417159+00
209,Los Kjarkas,,7,,,,2025-12-06 03:45:14.417159+00
210,Los Saviñón,,,,,,2025-12-06 03:45:14.417159+00
211,Lutoslawski,Witold,30,1913-01-01,1994-01-01,,2025-12-06 03:45:14.417159+00
212,Maestre,Eduardo,16,,,,2025-12-06 03:45:14.417159+00
213,Mahler,Ángel,2,1960-01-01,2025-01-01,,2025-12-06 03:45:14.417159+00
214,Mahler,Gustav,5,1860-01-01,1911-01-01,,2025-12-06 03:45:14.417159+00
215,Mangani,Michele,24,1966-01-01,,,2025-12-06 03:45:14.417159+00
216,Márquez,Arturo,26,1950-01-01,,,2025-12-06 03:45:14.417159+00
217,Martí,Leopoldo,2,,,,2025-12-06 03:45:14.417159+00
218,Mascagni,Pietro,24,1863-01-01,1945-01-01,,2025-12-06 03:45:14.417159+00
219,Matos Rodríguez,Gerardo,2,1897-01-01,1948-01-01,,2025-12-06 03:45:14.417159+00
220,McCartney,Paul,22,,,,2025-12-06 03:45:14.417159+00
221,McFerrin,Bobby,17,1950-01-01,,,2025-12-06 03:45:14.417159+00
222,Mendelssohn-Bartholdy,Félix,1,1809-01-01,1847-01-01,,2025-12-06 03:45:14.417159+00
223,Menken,Alan,17,1949-01-01,,,2025-12-06 03:45:14.417159+00
224,Mercadante,Saverio,24,1795-01-01,1870-01-01,,2025-12-06 03:45:14.417159+00
225,Milkota,Jorge,2,,,,2025-12-06 03:45:14.417159+00
226,Miranda,Lin-Manuel,17,1980-01-01,,,2025-12-06 03:45:14.417159+00
227,Moncayo,José Pablo,26,1912-01-01,1958-01-01,,2025-12-06 03:45:14.417159+00
228,Montaner,Ricardo,3,1957-01-01,,,2025-12-06 03:45:14.417159+00
229,Montbrun Ocampo,Carlos,2,1896-01-01,1962-01-01,,2025-12-06 03:45:14.417159+00
230,Montero,Claudia,2,1962-01-01,2021-01-01,,2025-12-06 03:45:14.417159+00
231,Monti,Vittorio,24,1868-01-01,1922-01-01,,2025-12-06 03:45:14.417159+00
232,Mores,Mariano,2,1918-01-01,2016-01-01,,2025-12-06 03:45:14.417159+00
233,Morricone,Ennio,24,1928-01-01,2020-01-01,,2025-12-06 03:45:14.417159+00
234,Moscardini,Carlos,2,1959-01-01,,,2025-12-06 03:45:14.417159+00
235,Mozart,Wolfgang Amadeus,5,1756-01-01,1791-01-01,,2025-12-06 03:45:14.417159+00
236,Muczynski,Robert,17,1929-01-01,2010-01-01,,2025-12-06 03:45:14.417159+00
237,Muse,,,,,,2025-12-06 03:45:14.417159+00
238,Mussorgsky,Modest,35,1839-01-01,1881-01-01,,2025-12-06 03:45:14.417159+00
239,Nante,Alex,9,1982-01-01,,,2025-12-06 03:45:14.417159+00
240,Naon,Luis,2,1961-01-01,,,2025-12-06 03:45:14.417159+00
241,Neviani,Filippo (Nek),24,1972-01-01,,,2025-12-06 03:45:14.417159+00
242,Newman,Alfred,17,1900-01-01,1970-01-01,,2025-12-06 03:45:14.417159+00
243,Newman,Randy,17,1943-01-01,,,2025-12-06 03:45:14.417159+00
244,Nielsen,Carl August,14,1865-01-01,1931-01-01,,2025-12-06 03:45:14.417159+00
245,Nirvana,,,,,,2025-12-06 03:45:14.417159+00
246,Novarro,Chico,2,1933-01-01,2023-01-01,,2025-12-06 03:45:14.417159+00
247,Novellis,Guillermo,2,1960-01-01,,,2025-12-06 03:45:14.417159+00
248,Ogando,Carlos,33,,,,2025-12-06 03:45:14.417159+00
249,Ortiz Zuñiga,Fernando,11,,,,2025-12-06 03:45:14.417159+00
250,Panizza,Héctor,2,1875-01-01,1967-01-01,,2025-12-06 03:45:14.417159+00
251,Parada,Lisandro,2,,,,2025-12-06 03:45:14.417159+00
252,Parera,Blas,16,1776-01-01,1840-01-01,,2025-12-06 03:45:14.417159+00
253,Parker,Jim,17,1934-01-01,,,2025-12-06 03:45:14.417159+00
254,Parra,Violeta,11,1917-01-01,1967-01-01,,2025-12-06 03:45:14.417159+00
255,Pärt,Arvo,18,1935-01-01,,,2025-12-06 03:45:14.417159+00
256,Pasculli,Antonio,24,1842-01-01,1924-01-01,,2025-12-06 03:45:14.417159+00
257,Peguero-Camilo,Caonex,33,1963-01-01,,,2025-12-06 03:45:14.417159+00
258,Penella Moreno,Manuel,16,1880-01-01,1939-01-01,,2025-12-06 03:45:14.417159+00
259,Pereira,Martín,2,,,,2025-12-06 03:45:14.417159+00
260,Pereira,Remigio,28,1962-01-01,2022-01-01,,2025-12-06 03:45:14.417159+00
261,Pérez Botija,Rafael,16,1949-01-01,,,2025-12-06 03:45:14.417159+00
262,Pérez,Naldo,2,,,,2025-12-06 03:45:14.417159+00
263,Piaf,Edith,20,1915-01-01,1963-01-01,,2025-12-06 03:45:14.417159+00
264,Piazzolla,Astor,2,1921-01-01,1992-01-01,,2025-12-06 03:45:14.417159+00
265,Pierpont,James,17,1822-01-01,1893-01-01,,2025-12-06 03:45:14.417159+00
266,Plaza,Juan Bautista,40,1898-01-01,1965-01-01,,2025-12-06 03:45:14.417159+00
267,Plaza,Julián,2,1928-01-01,2003-01-01,,2025-12-06 03:45:14.417159+00
268,Ponce,Manuel María,26,1882-01-01,1948-01-01,,2025-12-06 03:45:14.417159+00
269,Porcelli,Pablo,2,,,,2025-12-06 03:45:14.417159+00
270,Prada,Ana,2,1971-01-01,,,2025-12-06 03:45:14.417159+00
271,Prokofiev,Sergei,35,1891-01-01,1953-01-01,,2025-12-06 03:45:14.417159+00
272,Puccini,Giacomo,24,1858-01-01,1924-01-01,,2025-12-06 03:45:14.417159+00
273,Purcell,Henry,22,1659-01-01,1695-01-01,,2025-12-06 03:45:14.417159+00
274,Queen,.,22,,,,2025-12-06 03:45:14.417159+00
275,Rachmaninoff,Sergei,35,1873-01-01,1943-01-01,,2025-12-06 03:45:14.417159+00
276,Raff,Joachim,38,1822-01-01,1882-01-01,,2025-12-06 03:45:14.417159+00
277,Ramírez,Ariel,2,1925-01-01,2010-01-01,,2025-12-06 03:45:14.417159+00
278,Rautavaara,Eunojuhani,19,1928-01-01,2016-01-01,,2025-12-06 03:45:14.417159+00
279,Ravel,Maurice,20,1875-01-01,1937-01-01,,2025-12-06 03:45:14.417159+00
280,Rebuffi,Marcelo,2,,,,2025-12-06 03:45:14.417159+00
281,Red Hot Chili Peppers,,,,,,2025-12-06 03:45:14.417159+00
282,Redbone,,17,,,,2025-12-06 03:45:14.417159+00
283,Renis,Tony,24,1938-01-01,,,2025-12-06 03:45:14.417159+00
284,Revueltas,Silvestre,26,1899-01-01,1940-01-01,,2025-12-06 03:45:14.417159+00
285,Rimsky-Korsakov,Nikolai,35,1844-01-01,1908-01-01,,2025-12-06 03:45:14.417159+00
286,Ripper,João Guilherme,8,1959-01-01,,,2025-12-06 03:45:14.417159+00
287,Rivas Domínguez,David,16,1980-01-01,,,2025-12-06 03:45:14.417159+00
288,Rodríguez,Arturo,26,,,,2025-12-06 03:45:14.417159+00
289,Rossini,Gioacchino,24,1792-01-01,1868-01-01,,2025-12-06 03:45:14.417159+00
290,Roussel,Albert,20,1869-01-01,1937-01-01,,2025-12-06 03:45:14.417159+00
291,Ruggiero,Daniel,2,1979-01-01,,,2025-12-06 03:45:14.417159+00
292,Rutter,John,22,1945-01-01,,,2025-12-06 03:45:14.417159+00
293,Saint-Säens,Camille,20,1835-01-01,1921-01-01,,2025-12-06 03:45:14.417159+00
294,Salgán,Horacio,2,1916-01-01,2016-01-01,,2025-12-06 03:45:14.417159+00
295,Salieri,Antonio,24,1750-01-01,1825-01-01,,2025-12-06 03:45:14.417159+00
296,Sambuelli,Valentín,2,2003-01-01,,,2025-12-06 03:45:14.417159+00
297,Sammartini,Giovanni Battista,24,1698-01-01,1775-01-01,,2025-12-06 03:45:14.417159+00
298,Sánchez Cassataro,Daniel,2,1963-01-01,,,2025-12-06 03:45:14.417159+00
299,Sánchez Haase,Diego,28,1970-01-01,,,2025-12-06 03:45:14.417159+00
300,Sánchez,Damián,2,1944-01-01,,,2025-12-06 03:45:14.417159+00
301,Santana,Carlos,26,1947-01-01,,,2025-12-06 03:45:14.417159+00
302,Sawalle,Paulina,11,,,,2025-12-06 03:45:14.417159+00
303,Scarpino,Alejandro,2,1904-01-01,1970-01-01,,2025-12-06 03:45:14.417159+00
304,Scheidt,Samuel,1,1587-01-01,1654-01-01,,2025-12-06 03:45:14.417159+00
305,Schubert,Franz,5,1797-01-01,1828-01-01,,2025-12-06 03:45:14.417159+00
306,Schumann,Robert,1,1810-01-01,1856-01-01,,2025-12-06 03:45:14.417159+00
307,Shostakovich,Dimitri,35,1906-01-01,1975-01-01,,2025-12-06 03:45:14.417159+00
308,Sibelius,Jean,19,1865-01-01,1957-01-01,,2025-12-06 03:45:14.417159+00
309,Silva,Cayetano Alberto,39,1868-01-01,1920-01-01,,2025-12-06 03:45:14.417159+00
310,Silvestri,Alan,17,1950-01-01,,,2025-12-06 03:45:14.417159+00
311,Sivak,Gabriel,2,1979-01-01,,,2025-12-06 03:45:14.417159+00
312,Smetana,Bedřich,32,1824-01-01,1884-01-01,,2025-12-06 03:45:14.417159+00
313,Soro,Enrique,11,1884-01-01,1954-01-01,,2025-12-06 03:45:14.417159+00
314,Spinetta,Luis Alberto,2,1950-01-01,2012-01-01,,2025-12-06 03:45:14.417159+00
315,Stamitz,Carl Philipp,24,1745-01-01,1801-01-01,,2025-12-06 03:45:14.417159+00
316,Stampone,Atilio,2,1926-01-01,2022-01-01,,2025-12-06 03:45:14.417159+00
317,Stamponi,Héctor,2,1916-01-01,1997-01-01,,2025-12-06 03:45:14.417159+00
319,Stern,Nano,11,1985-01-01,,,2025-12-06 03:45:14.417159+00
320,Stevie Wonder,,17,1950-01-01,,,2025-12-06 03:45:14.417159+00
321,Stewart,Eric,17,1945-01-01,,,2025-12-06 03:45:14.417159+00
322,Strauss,Johann,5,1804-01-01,1849-01-01,,2025-12-06 03:45:14.417159+00
323,Strauss,Johann Jr.,5,1825-01-01,1899-01-01,,2025-12-06 03:45:14.417159+00
324,Strauss,Richard,1,1864-01-01,1949-01-01,,2025-12-06 03:45:14.417159+00
325,Stravinsky,Igor,35,1882-01-01,1971-01-01,,2025-12-06 03:45:14.417159+00
326,Suk,Josef,32,1874-01-01,1935-01-01,,2025-12-06 03:45:14.417159+00
327,Tapia Salfate,Rodrigo,11,,,,2025-12-06 03:45:14.417159+00
328,Tarrago Ros,Antonio,2,1923-01-01,1978-01-01,,2025-12-06 03:45:14.417159+00
329,Tartini,Giuseppe,24,1692-01-01,1770-01-01,,2025-12-06 03:45:14.417159+00
330,Tchaikovsky,Pyotr Ilyich,35,1840-01-01,1893-01-01,,2025-12-06 03:45:14.417159+00
331,Telemann,Georg Philipp,1,1681-01-01,1767-01-01,,2025-12-06 03:45:14.417159+00
332,The Blues Brothers,,17,,,,2025-12-06 03:45:14.417159+00
333,The Jackson Five,,17,,,,2025-12-06 03:45:14.417159+00
334,Tieri,José,2,1903-01-01,,,2025-12-06 03:45:14.417159+00
335,Tokyo Machine,,,,,,2025-12-06 03:45:14.417159+00
336,Toquinho,,8,1946-01-01,,,2025-12-06 03:45:14.417159+00
337,Toto,,,,,,2025-12-06 03:45:14.417159+00
338,Tradicional,,,,,,2025-12-06 03:45:14.417159+00
339,Tradicional Francés,,20,,,,2025-12-06 03:45:14.417159+00
340,Tradicional Inglés,,22,,,,2025-12-06 03:45:14.417159+00
341,Tyler,Steven,17,1948-01-01,,,2025-12-06 03:45:14.417159+00
342,Ugarte,Floro,2,1884-01-01,1975-01-01,,2025-12-06 03:45:14.417159+00
343,Vais,Nina,2,1987-01-01,,,2025-12-06 03:45:14.417159+00
344,Varios compositores,,,,,,2025-12-06 03:45:14.417159+00
345,Vaughan Williams,Ralph,22,1872-01-01,1958-01-01,,2025-12-06 03:45:14.417159+00
346,Vázquez,Francisco Lucio,2,,,,2025-12-06 03:45:14.417159+00
347,Verdi,Giuseppe,24,1813-01-01,1901-01-01,,2025-12-06 03:45:14.417159+00
348,Villa-Lobos,Heitor,8,1887-01-01,1959-01-01,,2025-12-06 03:45:14.417159+00
349,Villar,Sergio,2,1915-01-01,1956-01-01,,2025-12-06 03:45:14.417159+00
350,Villarejo,Patricio,2,,,,2025-12-06 03:45:14.417159+00
351,Villoldo,Ángel,2,1861-01-01,1919-01-01,,2025-12-06 03:45:14.417159+00
352,Vivaldi,Antonio,24,1678-01-01,1741-01-01,,2025-12-06 03:45:14.417159+00
353,Wagner,Richard,1,1813-01-01,1883-01-01,,2025-12-06 03:45:14.417159+00
354,Walsh,María Elena,2,1945-01-01,2008-01-01,,2025-12-06 03:45:14.417159+00
355,Warlock,Peter,22,1894-01-01,1930-01-01,,2025-12-06 03:45:14.417159+00
356,Weber,Carl Maria von,1,1786-01-01,1826-01-01,,2025-12-06 03:45:14.417159+00
357,Weiner,Léo,21,1885-01-01,1960-01-01,,2025-12-06 03:45:14.417159+00
358,Wieniawski,Henryk,30,1835-01-01,1880-01-01,,2025-12-06 03:45:14.417159+00
359,Wilberg,Mack J.,17,1955-01-01,,,2025-12-06 03:45:14.417159+00
360,Williams,Alberto,2,1862-01-01,1952-01-01,,2025-12-06 03:45:14.417159+00
361,Williams,John,17,1932-01-01,,,2025-12-06 03:45:14.417159+00
362,Yupanqui,Atahualpa,2,1908-01-01,1992-01-01,,2025-12-06 03:45:14.417159+00
363,Zalcman,Guillermo,2,1956-01-01,2021-01-01,,2025-12-06 03:45:14.417159+00
364,Zaldivar,Edmundo,2,1917-01-01,1978-01-01,,2025-12-06 03:45:14.417159+00
365,Zelda,,,,,,2025-12-06 03:45:14.417159+00
366,Zequinha,Abreu,8,1880-01-01,1935-01-01,,2025-12-06 03:45:14.417159+00
367,Zipoli,Domenico,24,1688-01-01,1726-01-01,,2025-12-06 03:45:14.417159+00
368,Zitarrosa,Alfredo,39,1936-01-01,1989-01-01,,2025-12-06 03:45:14.417159+00
369,Luzzatti,Arturo,2,1875-01-01,1959-01-01,,2025-12-06 03:45:14.417159+00
370,Soda Stereo,,2,,,,2025-12-06 03:45:14.417159+00
371,Romero,Aldemaro,40,1928-01-01,2007-01-01,,2025-12-06 03:45:14.417159+00
375,Wobbly,,,,,,2025-12-06 03:45:14.417159+00
377,Aburto,Nelson,2,,,,2025-12-06 04:11:11.910301+00
378,Acher,Ernesto,,,,,2025-12-06 04:11:11.910301+00
379,Adriansens,A.,,,,,2025-12-06 04:11:11.910301+00
380,Aibar,V,,,,,2025-12-06 04:11:11.910301+00
382,AltroStratus,,,,,,2025-12-06 04:11:11.910301+00
383,Archibald,Paul,,,,,2025-12-06 04:11:11.910301+00
384,Ashbridge,David,,,,,2025-12-06 04:11:11.910301+00
385,Aslamas,Anton,,,,,2025-12-06 04:11:11.910301+00
386,Atzler,Richard,,,,,2025-12-06 04:11:11.910301+00
387,Babusceac,Vasile,,,,,2025-12-06 04:11:11.910301+00
388,Barcos,Miguel,,,,,2025-12-06 04:11:11.910301+00
389,Belliston,Rebecca,,,,,2025-12-06 04:11:11.910301+00
390,Bertero,Fabián,,,,,2025-12-06 04:11:11.910301+00
391,Bia,Yanella,,,,,2025-12-06 04:11:11.910301+00
392,Bissill,Richard,,,,,2025-12-06 04:11:11.910301+00
393,Bortholossi,Daniel,,,,,2025-12-06 04:11:11.910301+00
394,Boyd,John,,,,,2025-12-06 04:11:11.910301+00
395,Bragatto,José,,,,,2025-12-06 04:11:11.910301+00
396,Branici,Gheorghe,,,,,2025-12-06 04:11:11.910301+00
397,Brubaker,Jerry,,,,,2025-12-06 04:11:11.910301+00
398,Cabello,Martín,,,,,2025-12-06 04:11:11.910301+00
399,Cáceres,Pablo,,,,,2025-12-06 04:11:11.910301+00
400,Camps,Pompeyo,,,,,2025-12-06 04:11:11.910301+00
401,Cardoso,Leandro,,,,,2025-12-06 04:11:11.910301+00
402,Cardozo Ocampo,Oscar,,,,,2025-12-06 04:11:11.910301+00
403,Clarke,Larry,,,,,2025-12-06 04:11:11.910301+00
404,Clements,Patrick,,,,,2025-12-06 04:11:11.910301+00
405,Colnot,Cliff,,,,,2025-12-06 04:11:11.910301+00
406,Correa,Carlos,,,,,2025-12-06 04:11:11.910301+00
407,Crees,Eric,,,,,2025-12-06 04:11:11.910301+00
409,Cuacci,Juan Esteban,,,,,2025-12-06 04:11:11.910301+00
410,Cucchiarelli&Guevara,,,,,,2025-12-06 04:11:11.910301+00
411,da Costa,Williames S.,,,,,2025-12-06 04:11:11.910301+00
412,Dacunda,Eduardo,,,,,2025-12-06 04:11:11.910301+00
413,Dal Santo,Viviana,2,,,,2025-12-06 04:11:11.910301+00
414,De Meij,Johan,,,,,2025-12-06 04:11:11.910301+00
415,Delgado,Gerardo,,,,,2025-12-06 04:11:11.910301+00
416,DeLuca,Jeremy,,,,,2025-12-06 04:11:11.910301+00
417,Desconocido,,,,,,2025-12-06 04:11:11.910301+00
418,Di Marino,Roberto,,,,,2025-12-06 04:11:11.910301+00
419,Dobrinescu,Ioan,,,,,2025-12-06 04:11:11.910301+00
420,Downey,Dylan,,,,,2025-12-06 04:11:11.910301+00
421,Driggs,Bob,,,,,2025-12-06 04:11:11.910301+00
422,Egli,Helmut,,,,,2025-12-06 04:11:11.910301+00
423,Escalona,Igor,,,,,2025-12-06 04:11:11.910301+00
424,Esnaola,Juan Pedro,,,,,2025-12-06 04:11:11.910301+00
426,Ferguson,Niall Taro,,,,,2025-12-06 04:11:11.910301+00
427,Fine,Elaine,,,,,2025-12-06 04:11:11.910301+00
428,Franzetti,Carlos,,,,,2025-12-06 04:11:11.910301+00
429,Gale,Jack,,,,,2025-12-06 04:11:11.910301+00
430,Garberi,Eliel,,,,,2025-12-06 04:11:11.910301+00
431,Giovannini,Francesco,,,,,2025-12-06 04:11:11.910301+00
432,Godoy,Amilson,,,,,2025-12-06 04:11:11.910301+00
433,Gómez,Miguel,,,,,2025-12-06 04:11:11.910301+00
435,Grossi,Gerardo,,,,,2025-12-06 04:11:11.910301+00
436,Guestrin,Néstor,,,,,2025-12-06 04:11:11.910301+00
437,Hagopian,Álvaro,,,,,2025-12-06 04:11:11.910301+00
438,Han,C.,,,,,2025-12-06 04:11:11.910301+00
439,Harris,Arthur,,,,,2025-12-06 04:11:11.910301+00
440,Henderson,Luther,,,,,2025-12-06 04:11:11.910301+00
441,Henry,Laurent,,,,,2025-12-06 04:11:11.910301+00
442,Hidalgo,Felipe,,,,,2025-12-06 04:11:11.910301+00
443,Hughes,Jonathan,,,,,2025-12-06 04:11:11.910301+00
444,Huls,Keegan,,,,,2025-12-06 04:11:11.910301+00
445,Iveson,John,,,,,2025-12-06 04:11:11.910301+00
446,Keeling,Andrew,,,,,2025-12-06 04:11:11.910301+00
447,Kim,Jungho,,,,,2025-12-06 04:11:11.910301+00
448,Kischkel,Tobías,,,,,2025-12-06 04:11:11.910301+00
449,Koda,Kenichi,,,,,2025-12-06 04:11:11.910301+00
452,Lichtmann,Jay,,,,,2025-12-06 04:11:11.910301+00
453,López y Planes,,,,,,2025-12-06 04:11:11.910301+00
454,López,Víctor,,,,,2025-12-06 04:11:11.910301+00
455,Loudet,Pablo,,,,,2025-12-06 04:11:11.910301+00
456,Ludwin,Norman,,,,,2025-12-06 04:11:11.910301+00
457,Luna,Frank,,,,,2025-12-06 04:11:11.910301+00
458,Lux,Friedrich,,,,,2025-12-06 04:11:11.910301+00
459,Malmasson,Jean-Yves,,,,,2025-12-06 04:11:11.910301+00
460,Manookian,Jeff,,,,,2025-12-06 04:11:11.910301+00
461,Martínez,T.,,,,,2025-12-06 04:11:11.910301+00
462,Messerschmidt,H.J.,,,,,2025-12-06 04:11:11.910301+00
463,Mills,Helen,,,,,2025-12-06 04:11:11.910301+00
464,Moore,Larry,,,,,2025-12-06 04:11:11.910301+00
465,Moreau,Hugo,,,,,2025-12-06 04:11:11.910301+00
466,Mosso,Mariano,,,,,2025-12-06 04:11:11.910301+00
467,Moule,James,,,,,2025-12-06 04:11:11.910301+00
468,Murtha,Paul,,,,,2025-12-06 04:11:11.910301+00
469,Myung,Jack,,,,,2025-12-06 04:11:11.910301+00
470,Naughtin,Matt,,,,,2025-12-06 04:11:11.910301+00
471,Neves,,,,,,2025-12-06 04:11:11.910301+00
473,Original,,,,,,2025-12-06 04:11:11.910301+00
474,Parlow,Albert,,,,,2025-12-06 04:11:11.910301+00
475,Peelen,G.,,,,,2025-12-06 04:11:11.910301+00
476,Pérez,Micaela,,,,,2025-12-06 04:11:11.910301+00
477,Pérez,Victhoria,,,,,2025-12-06 04:11:11.910301+00
478,Pesavento,Víctor,,,,,2025-12-06 04:11:11.910301+00
479,Pilar,Andrés,,,,,2025-12-06 04:11:11.910301+00
480,Purser,David,,,,,2025-12-06 04:11:11.910301+00
481,Rantucho,Martín,2,,,,2025-12-06 04:11:11.910301+00
482,Rebuffi,Marcelo,,,,,2025-12-06 04:11:11.910301+00
483,Reichel,Regina,,,,,2025-12-06 04:11:11.910301+00
485,Rondeau,Michel,,,,,2025-12-06 04:11:11.910301+00
486,Ross,William,,,,,2025-12-06 04:11:11.910301+00
488,Saba,Lilian,,,,,2025-12-06 04:11:11.910301+00
489,Sachs,Benno,,,,,2025-12-06 04:11:11.910301+00
490,Sadler,Brian,,,,,2025-12-06 04:11:11.910301+00
491,Salzman,Pablo,,,,,2025-12-06 04:11:11.910301+00
492,San Carlos,David,,,,,2025-12-06 04:11:11.910301+00
494,Sánchez,Daniel,,,,,2025-12-06 04:11:11.910301+00
495,Sandy Fedelstein & Larry Clarke,,,,,,2025-12-06 04:11:11.910301+00
496,Scalona,Igor,,,,,2025-12-06 04:11:11.910301+00
497,Scribner,William,,,,,2025-12-06 04:11:11.910301+00
498,Slade,Jeff,,,,,2025-12-06 04:11:11.910301+00
499,smedvig,Rolf,,,,,2025-12-06 04:11:11.910301+00
500,Smith,Wyatt,,,,,2025-12-06 04:11:11.910301+00
501,Snell,Keith,,,,,2025-12-06 04:11:11.910301+00
502,Spattoco,Popi,,,,,2025-12-06 04:11:11.910301+00
503,Steven,Verhelst,,,,,2025-12-06 04:11:11.910301+00
504,Suárez,María,,,,,2025-12-06 04:11:11.910301+00
505,Sweeney,Michael,,,,,2025-12-06 04:11:11.910301+00
506,Tapia Salfate,Rodrigo,,,,,2025-12-06 04:11:11.910301+00
507,Torres Mora,Celso,,,,,2025-12-06 04:11:11.910301+00
508,Tóth Tamás,Gyarmati,,,,,2025-12-06 04:11:11.910301+00
509,van der Mooden,Matthijs,,,,,2025-12-06 04:11:11.910301+00
510,Varum,Noah Z.,,,,,2025-12-06 04:11:11.910301+00
511,Villarejo,Patricio,,,,,2025-12-06 04:11:11.910301+00
512,Vizcaino,Rafa,,,,,2025-12-06 04:11:11.910301+00
513,Walsh,Brian,,,,,2025-12-06 04:11:11.910301+00
514,Wobbly,,,,,,2025-12-06 04:11:11.910301+00
515,cdd,ff,,,,,2025-12-06 19:16:41.128349+00
519,Strauss,Richard,,,,,2025-12-12 20:27:56.142252+00
524,Strauss,Richard,,,,,2025-12-12 21:54:17.786569+00
525,Álvarez,Javier,,,,,2025-12-13 04:49:30.589328+00
526,Büsser,Henri,,,,,2025-12-13 12:29:53.83008+00
527,Bruckner,Anton,,,,,2025-12-13 12:52:10.148445+00
529,Ginastera,Alberto,,,,,2025-12-13 15:35:41.066878+00
530,Fiorentino,Cecilia,,,,,2025-12-13 15:47:42.654193+00
531,Fiorentino,Cecilia,,,,,2025-12-13 16:02:12.255193+00
532,Bernal Jiménez,Miguel,26,,,,2025-12-14 10:41:43.257802+00
533,Enríquez,Gina,26,,,,2025-12-14 10:42:03.973515+00
534,Peña,Jenny,26,,,,2025-12-14 10:42:19.795101+00
535,Bacewycz,Grazyna,26,,,,2025-12-14 10:42:34.357327+00
536,Smedvig,Rolf,,,,,2025-12-14 11:03:01.499189+00
537,Paz,Mariela,,,,,2025-12-25 11:45:24.755228+00
538,Jolivet,André,,,,,2025-12-25 11:46:11.374295+00
539,Duarte,Darío,,,,,2025-12-25 11:48:46.987993+00
540,Respighi,Ottorino,,,,,2025-12-25 11:50:51.60497+00
541,Weill,Kurt,1,1900-03-02,1950-04-03,,2026-01-23 21:41:31.549558+00
543,Steven,Verhelst - Lema,,,,,2026-01-30 21:37:30.323366+00
544,González,F.,,,,,2026-01-30 21:37:30.323366+00
546,Webern,Anton,5,1883-12-03,1945-09-15,,2026-02-13 01:47:00.8591+00
549,Pérez,Roberto,,,,,2026-02-16 15:07:19.266027+00
550,Holst,Gustav,,,,,2026-02-16 21:54:51.631247+00
551,Gomes,Antônio Carlos,8,1836-07-11,1896-09-16,,2026-02-16 21:57:06.718991+00
553,Milhaud,Darius,,,,,2026-02-17 14:40:06.261304+00
554,Scriabin,Aleksandr,,,,,2026-02-17 15:51:30.776487+00
555,Posetti,Sonia,2,1973-01-01,,,2026-02-18 14:48:40.186367+00
556,Romano Ariel,,,,,,2026-02-18 14:54:57.331168+00
557,Schmid,Ernst Fritz,,,,,2026-02-23 13:46:23.443264+00
558,Trembley,Jim,,,,,2026-02-23 21:18:01.384413+00
559,"Diz, Esequiel",,,,,,2026-02-23 23:00:39.228301+00
560,William Grant Still,,,,,,2026-02-24 14:03:32.694727+00
561,John Rutter,,,,,,2026-02-24 14:05:56.144087+00